uid,namedLocation,date,eventID,domainID,siteID,plotID,measuredBy,recordedBy,individualID,tempShrubStemID,growthForm,stemDiameter,measurementHeight,height,baseCrownHeight,breakHeight,breakDiameter,maxCrownDiameter,ninetyCrownDiameter,canopyPosition,shape,basalStemDiameter
4829ee06-b080-4c5a-8e73-0fcb4c3b6ae0,GRSM_002.basePlot.vst,2016-10-11,vst_GRSM_2016,D07,GRSM,GRSM_002,2fddaaee11e79898768a3df4726df9c2,1dab0eaaa974bca1f6fa6523b180e6fa,NEON.PLA.D07.GRSM.03239,NA,single shrub,3.6,130,1.7,NA,NA,NA,3.6,1.4,NA,oblate half-sphere,5.3
ffba43a5-18b5-4122-8f49-bfcd19bf9be5,GRSM_002.basePlot.vst,2016-10-11,vst_GRSM_2016,D07,GRSM,GRSM_002,2fddaaee11e79898768a3df4726df9c2,1dab0eaaa974bca1f6fa6523b180e6fa,NEON.PLA.D07.GRSM.03296,NA,single shrub,4.6,130,3.1,NA,NA,NA,1.9,1.7,NA,half-sphere,6.8
342643e4-77d3-41f4-807c-b557801d87f3,GRSM_002.basePlot.vst,2016-10-11,vst_GRSM_2016,D07,GRSM,GRSM_002,2fddaaee11e79898768a3df4726df9c2,1dab0eaaa974bca1f6fa6523b180e6fa,NEON.PLA.D07.GRSM.03308,NA,single bole tree,16.2,130,12.0,NA,NA,NA,5.0,4.1,Mostly shaded,NA,NA
7cd50d0a-6b1d-48ec-80d8-a3a00b24c1c3,GRSM_002.basePlot.vst,2016-10-11,vst_GRSM_2016,D07,GRSM,GRSM_002,2fddaaee11e79898768a3df4726df9c2,1dab0eaaa974bca1f6fa6523b180e6fa,NEON.PLA.D07.GRSM.03267,NA,NA,NA,NA,NA,NA,NA,NA,NA,NA,NA,NA,NA
db0f307f-6dc4-41f9-92c0-be1c52728f1c,GRSM_002.basePlot.vst,2016-10-11,vst_GRSM_2016,D07,GRSM,GRSM_002,2fddaaee11e79898768a3df4726df9c2,1dab0eaaa974bca1f6fa6523b180e6fa,NEON.PLA.D07.GRSM.03262,NA,single bole tree,10.6,130,6.8,NA,NA,NA,3.4,2.7,Mostly shaded,NA,NA
51ece928-c62e-4ae0-acec-de8e096e6d9d,GRSM_002.basePlot.vst,2016-10-11,vst_GRSM_2016,D07,GRSM,GRSM_002,2fddaaee11e79898768a3df4726df9c2,1dab0eaaa974bca1f6fa6523b180e6fa,NEON.PLA.D07.GRSM.03284A,NA,multi-bole tree,14.2,130,12.0,NA,NA,NA,6.3,6.0,Partially shaded,NA,NA
1d19877d-10ce-447a-9fae-6270da3ece2b,GRSM_002.basePlot.vst,2016-10-11,vst_GRSM_2016,D07,GRSM,GRSM_002,2fddaaee11e79898768a3df4726df9c2,1dab0eaaa974bca1f6fa6523b180e6fa,NEON.PLA.D07.GRSM.03242,NA,single bole tree,17.8,130,14.3,NA,NA,NA,4.8,4.6,Partially shaded,NA,NA
1fe03451-e33a-4b96-a3a0-33a592478914,GRSM_002.basePlot.vst,2016-10-11,vst_GRSM_2016,D07,GRSM,GRSM_002,2fddaaee11e79898768a3df4726df9c2,1dab0eaaa974bca1f6fa6523b180e6fa,NEON.PLA.D07.GRSM.03302,NA,single bole tree,32.8,130,16.2,NA,NA,NA,4.7,4.2,Partially shaded,NA,NA
9c3964f8-784f-4b7c-9cc9-ddc6b03e5aa6,GRSM_025.basePlot.vst,2016-10-17,vst_GRSM_2016,D07,GRSM,GRSM_025,cedce85f9ffbf789779b12db4081f508,1dab0eaaa974bca1f6fa6523b180e6fa,NEON.PLA.D07.GRSM.02778,NA,single bole tree,32.4,130,11.3,NA,NA,NA,3.0,2.6,Partially shaded,NA,NA
1277f984-2693-4af6-a404-d568ef6cf187,GRSM_025.basePlot.vst,2016-10-17,vst_GRSM_2016,D07,GRSM,GRSM_025,cedce85f9ffbf789779b12db4081f508,1dab0eaaa974bca1f6fa6523b180e6fa,NEON.PLA.D07.GRSM.02828,NA,single bole tree,18.6,130,9.9,NA,NA,NA,6.2,5.8,Partially shaded,NA,NA
3acbea28-1cd7-4fc2-aee1-8abe127abba7,GRSM_025.basePlot.vst,2016-10-17,vst_GRSM_2016,D07,GRSM,GRSM_025,cedce85f9ffbf789779b12db4081f508,1dab0eaaa974bca1f6fa6523b180e6fa,NEON.PLA.D07.GRSM.02843,NA,small tree,6.9,130,6.3,NA,NA,NA,NA,NA,NA,NA,NA
80c43d9f-308b-4838-b3d4-3ae1d56863fe,GRSM_016.basePlot.vst,2016-10-17,vst_GRSM_2016,D07,GRSM,GRSM_016,cedce85f9ffbf789779b12db4081f508,1dab0eaaa974bca1f6fa6523b180e6fa,NEON.PLA.D07.GRSM.02935,NA,single bole tree,43.5,130,20.7,NA,NA,NA,7.5,7.0,Full sun,NA,NA
c013995f-0b26-4422-8f4d-c2f839259d7c,GRSM_025.basePlot.vst,2016-10-17,vst_GRSM_2016,D07,GRSM,GRSM_025,cedce85f9ffbf789779b12db4081f508,1dab0eaaa974bca1f6fa6523b180e6fa,NEON.PLA.D07.GRSM.02855,NA,small tree,6.5,130,6.3,NA,NA,NA,NA,NA,NA,NA,NA
4f71effa-8817-4421-96be-558ab33c11cd,GRSM_025.basePlot.vst,2016-10-17,vst_GRSM_2016,D07,GRSM,GRSM_025,cedce85f9ffbf789779b12db4081f508,1dab0eaaa974bca1f6fa6523b180e6fa,NEON.PLA.D07.GRSM.02784,NA,single bole tree,22.8,130,12.1,NA,NA,NA,5.4,4.5,Partially shaded,NA,NA
1555396b-71a0-4666-8fd8-b08a52b1b93a,GRSM_016.basePlot.vst,2016-10-17,vst_GRSM_2016,D07,GRSM,GRSM_016,cedce85f9ffbf789779b12db4081f508,1dab0eaaa974bca1f6fa6523b180e6fa,NEON.PLA.D07.GRSM.02968,NA,single bole tree,13.4,130,6.5,NA,NA,NA,4.3,4.0,Mostly shaded,NA,NA
5fcc4665-b07d-4ece-81a9-8c241864afba,GRSM_025.basePlot.vst,2016-10-17,vst_GRSM_2016,D07,GRSM,GRSM_025,cedce85f9ffbf789779b12db4081f508,1dab0eaaa974bca1f6fa6523b180e6fa,NEON.PLA.D07.GRSM.02835,NA,single bole tree,14.2,130,10.0,NA,NA,NA,4.0,3.4,Partially shaded,NA,NA
9e904465-276d-456a-acfa-382aa220ffd9,GRSM_025.basePlot.vst,2016-10-17,vst_GRSM_2016,D07,GRSM,GRSM_025,cedce85f9ffbf789779b12db4081f508,1dab0eaaa974bca1f6fa6523b180e6fa,NEON.PLA.D07.GRSM.02856,NA,small tree,2.1,130,3.2,NA,NA,NA,NA,NA,NA,NA,NA
77291d27-cd4b-4582-b894-bb890e880d8f,GRSM_016.basePlot.vst,2016-10-17,vst_GRSM_2016,D07,GRSM,GRSM_016,cedce85f9ffbf789779b12db4081f508,1dab0eaaa974bca1f6fa6523b180e6fa,NEON.PLA.D07.GRSM.02937,NA,sapling,NA,NA,0.6,NA,NA,NA,NA,NA,NA,NA,1.7
737fccb0-d3f6-4220-9d3a-7347b8178d93,GRSM_016.basePlot.vst,2016-10-17,vst_GRSM_2016,D07,GRSM,GRSM_016,cedce85f9ffbf789779b12db4081f508,1dab0eaaa974bca1f6fa6523b180e6fa,NEON.PLA.D07.GRSM.02985,NA,single bole tree,12.7,130,8.9,NA,NA,NA,3.9,2.9,Mostly shaded,NA,NA
9b911f43-237a-469a-9006-649240d547b8,GRSM_016.basePlot.vst,2016-10-17,vst_GRSM_2016,D07,GRSM,GRSM_016,cedce85f9ffbf789779b12db4081f508,1dab0eaaa974bca1f6fa6523b180e6fa,NEON.PLA.D07.GRSM.02987,NA,single bole tree,10.7,140,3.5,NA,NA,NA,3.5,2.8,Mostly shaded,NA,NA
f123b537-ed53-45aa-bd22-fcd8abcebae3,GRSM_016.basePlot.vst,2016-10-17,vst_GRSM_2016,D07,GRSM,GRSM_016,cedce85f9ffbf789779b12db4081f508,1dab0eaaa974bca1f6fa6523b180e6fa,NEON.PLA.D07.GRSM.02903,NA,small tree,6.0,130,7.0,NA,NA,NA,NA,NA,NA,NA,NA
f2d127a4-0ecb-40b6-abac-991f3d91cb3d,GRSM_016.basePlot.vst,2016-10-17,vst_GRSM_2016,D07,GRSM,GRSM_016,cedce85f9ffbf789779b12db4081f508,1dab0eaaa974bca1f6fa6523b180e6fa,NEON.PLA.D07.GRSM.02942,NA,small tree,1.8,130,1.9,NA,NA,NA,NA,NA,NA,NA,NA
e2655b20-3342-49e7-b2d0-eed20be7c86a,GRSM_016.basePlot.vst,2016-10-17,vst_GRSM_2016,D07,GRSM,GRSM_016,cedce85f9ffbf789779b12db4081f508,1dab0eaaa974bca1f6fa6523b180e6fa,NEON.PLA.D07.GRSM.02939,NA,sapling,NA,NA,1.0,NA,NA,NA,NA,NA,NA,NA,1.3
b338f673-e81c-4aed-b542-ab17d71df502,GRSM_016.basePlot.vst,2016-10-17,vst_GRSM_2016,D07,GRSM,GRSM_016,cedce85f9ffbf789779b12db4081f508,1dab0eaaa974bca1f6fa6523b180e6fa,NEON.PLA.D07.GRSM.02958,NA,small tree,1.6,130,4.4,NA,NA,NA,NA,NA,NA,NA,NA
3408c51f-6157-4604-a958-61e9e072db29,GRSM_025.basePlot.vst,2016-10-17,vst_GRSM_2016,D07,GRSM,GRSM_025,cedce85f9ffbf789779b12db4081f508,1dab0eaaa974bca1f6fa6523b180e6fa,NEON.PLA.D07.GRSM.02838,NA,small tree,4.8,130,5.1,NA,NA,NA,NA,NA,NA,NA,NA
67c83736-a753-4338-bbaf-b9dfb37f8022,GRSM_016.basePlot.vst,2016-10-17,vst_GRSM_2016,D07,GRSM,GRSM_016,cedce85f9ffbf789779b12db4081f508,1dab0eaaa974bca1f6fa6523b180e6fa,NEON.PLA.D07.GRSM.02909,NA,small tree,2.2,130,2.1,NA,NA,NA,NA,NA,NA,NA,NA
3840e518-ca23-4b83-9046-9b250f3d6bb9,GRSM_025.basePlot.vst,2016-10-17,vst_GRSM_2016,D07,GRSM,GRSM_025,cedce85f9ffbf789779b12db4081f508,1dab0eaaa974bca1f6fa6523b180e6fa,NEON.PLA.D07.GRSM.02774,NA,single bole tree,10.8,130,7.0,NA,NA,NA,3.4,3.0,Mostly shaded,NA,NA
7c1754a1-37df-4657-a223-3055baed7f89,GRSM_016.basePlot.vst,2016-10-17,vst_GRSM_2016,D07,GRSM,GRSM_016,cedce85f9ffbf789779b12db4081f508,1dab0eaaa974bca1f6fa6523b180e6fa,NEON.PLA.D07.GRSM.02904,NA,small tree,5.8,130,4.9,NA,NA,NA,NA,NA,NA,NA,NA
1be8c31f-efec-42aa-aa04-b7dbd01c1af5,GRSM_016.basePlot.vst,2016-10-17,vst_GRSM_2016,D07,GRSM,GRSM_016,cedce85f9ffbf789779b12db4081f508,1dab0eaaa974bca1f6fa6523b180e6fa,NEON.PLA.D07.GRSM.02883,NA,sapling,1.4,NA,1.3,NA,NA,NA,NA,NA,NA,NA,1.4
c1e4d7d6-db2c-4b41-a3e5-3b54bdf2577f,GRSM_016.basePlot.vst,2016-10-17,vst_GRSM_2016,D07,GRSM,GRSM_016,cedce85f9ffbf789779b12db4081f508,1dab0eaaa974bca1f6fa6523b180e6fa,NEON.PLA.D07.GRSM.02893,NA,single bole tree,58.9,130,24.9,NA,NA,NA,6.3,4.9,Full sun,NA,NA
ef23f74f-5889-459b-b623-1182bb22239e,GRSM_025.basePlot.vst,2016-10-17,vst_GRSM_2016,D07,GRSM,GRSM_025,cedce85f9ffbf789779b12db4081f508,1dab0eaaa974bca1f6fa6523b180e6fa,NEON.PLA.D07.GRSM.02833,NA,single bole tree,37.5,130,13.8,NA,NA,NA,8.7,7.5,Full sun,NA,NA
a2c8a241-b65e-4614-af9d-f3e8f7494a26,GRSM_016.basePlot.vst,2016-10-17,vst_GRSM_2016,D07,GRSM,GRSM_016,cedce85f9ffbf789779b12db4081f508,1dab0eaaa974bca1f6fa6523b180e6fa,NEON.PLA.D07.GRSM.02908,NA,small tree,1.2,130,2.1,NA,NA,NA,NA,NA,NA,NA,NA
3b4b1828-15af-4f86-8b86-c570d233232e,GRSM_025.basePlot.vst,2016-10-17,vst_GRSM_2016,D07,GRSM,GRSM_025,cedce85f9ffbf789779b12db4081f508,1dab0eaaa974bca1f6fa6523b180e6fa,NEON.PLA.D07.GRSM.02788A,NA,multi-bole tree,14.4,130,6.7,NA,NA,NA,5.8,4.8,Full sun,NA,NA
28e54873-eaa4-4e47-a92c-a85351802e7f,GRSM_016.basePlot.vst,2016-10-17,vst_GRSM_2016,D07,GRSM,GRSM_016,cedce85f9ffbf789779b12db4081f508,1dab0eaaa974bca1f6fa6523b180e6fa,NEON.PLA.D07.GRSM.02927,NA,small tree,1.8,130,3.1,NA,NA,NA,NA,NA,NA,NA,NA
4e012551-2a80-4ac4-aba5-18c7e7a58a61,GRSM_016.basePlot.vst,2016-10-17,vst_GRSM_2016,D07,GRSM,GRSM_016,cedce85f9ffbf789779b12db4081f508,1dab0eaaa974bca1f6fa6523b180e6fa,NEON.PLA.D07.GRSM.02934,NA,single bole tree,12.7,130,7.5,NA,NA,NA,4.5,4.5,Mostly shaded,NA,NA
f7ac1595-94fd-4948-8f97-7317994ef2fb,GRSM_016.basePlot.vst,2016-10-17,vst_GRSM_2016,D07,GRSM,GRSM_016,cedce85f9ffbf789779b12db4081f508,1dab0eaaa974bca1f6fa6523b180e6fa,NEON.PLA.D07.GRSM.02910,NA,small tree,6.7,130,5.4,NA,NA,NA,NA,NA,NA,NA,NA
b9341d73-be88-42c1-9ee7-660f81f3ec13,GRSM_017.basePlot.vst,2016-10-18,vst_GRSM_2016,D07,GRSM,GRSM_017,cedce85f9ffbf789779b12db4081f508,1dab0eaaa974bca1f6fa6523b180e6fa,NEON.PLA.D07.GRSM.02548,NA,single bole tree,15.3,130,10.5,NA,NA,NA,9.8,6.4,Partially shaded,NA,NA
1de25a60-991e-4bbf-a2bc-539edb2fe5d5,GRSM_017.basePlot.vst,2016-10-18,vst_GRSM_2016,D07,GRSM,GRSM_017,cedce85f9ffbf789779b12db4081f508,1dab0eaaa974bca1f6fa6523b180e6fa,NEON.PLA.D07.GRSM.02535,NA,sapling,NA,NA,1.2,NA,NA,NA,NA,NA,NA,NA,1.1
8828c7d1-adb6-4dae-9a9a-184a96cd310e,GRSM_001.basePlot.vst,2016-10-18,vst_GRSM_2016,D07,GRSM,GRSM_001,cedce85f9ffbf789779b12db4081f508,1dab0eaaa974bca1f6fa6523b180e6fa,NEON.PLA.D07.GRSM.02485,NA,small tree,9.3,130,4.7,NA,NA,NA,NA,NA,NA,NA,NA
40bc1e2a-4d24-4067-a8d3-c9d075172ca0,GRSM_017.basePlot.vst,2016-10-18,vst_GRSM_2016,D07,GRSM,GRSM_017,cedce85f9ffbf789779b12db4081f508,1dab0eaaa974bca1f6fa6523b180e6fa,NEON.PLA.D07.GRSM.02504,NA,sapling,NA,NA,0.8,NA,NA,NA,NA,NA,NA,NA,1.6
c942cc61-7487-41c0-a1f2-d211cc598644,GRSM_001.basePlot.vst,2016-10-18,vst_GRSM_2016,D07,GRSM,GRSM_001,cedce85f9ffbf789779b12db4081f508,1dab0eaaa974bca1f6fa6523b180e6fa,NEON.PLA.D07.GRSM.02447,NA,small shrub,NA,NA,1.0,NA,NA,NA,1.5,0.9,NA,half-sphere,1.2
93c7d998-1678-44b3-9759-8dd1e3730538,GRSM_017.basePlot.vst,2016-10-18,vst_GRSM_2016,D07,GRSM,GRSM_017,cedce85f9ffbf789779b12db4081f508,1dab0eaaa974bca1f6fa6523b180e6fa,NEON.PLA.D07.GRSM.02536,NA,sapling,NA,NA,1.9,NA,NA,NA,NA,NA,NA,NA,1.3
db010882-a1c8-419c-814f-cfdfda286dba,GRSM_017.basePlot.vst,2016-10-18,vst_GRSM_2016,D07,GRSM,GRSM_017,cedce85f9ffbf789779b12db4081f508,1dab0eaaa974bca1f6fa6523b180e6fa,NEON.PLA.D07.GRSM.02509,NA,single bole tree,13.4,130,10.6,NA,NA,NA,5.0,4.3,Mostly shaded,NA,NA
bd659774-ee31-4199-ad6d-62d8482dcad1,GRSM_001.basePlot.vst,2016-10-18,vst_GRSM_2016,D07,GRSM,GRSM_001,cedce85f9ffbf789779b12db4081f508,1dab0eaaa974bca1f6fa6523b180e6fa,NEON.PLA.D07.GRSM.02456,NA,small tree,7.9,130,1.9,NA,NA,NA,NA,NA,Mostly shaded,NA,NA
7e695cf0-e02a-4e53-ae1a-545cf2901755,GRSM_001.basePlot.vst,2016-10-18,vst_GRSM_2016,D07,GRSM,GRSM_001,cedce85f9ffbf789779b12db4081f508,1dab0eaaa974bca1f6fa6523b180e6fa,NEON.PLA.D07.GRSM.02490,NA,sapling,NA,NA,1.3,NA,NA,NA,NA,NA,NA,NA,1.3
d5779cd0-38ef-4092-9a6c-4b770cb7ce2a,GRSM_017.basePlot.vst,2016-10-18,vst_GRSM_2016,D07,GRSM,GRSM_017,cedce85f9ffbf789779b12db4081f508,1dab0eaaa974bca1f6fa6523b180e6fa,NEON.PLA.D07.GRSM.02559,NA,small tree,9.9,130,10.2,NA,NA,NA,NA,NA,NA,NA,NA
06514241-eb8a-400b-8856-db28bf9fd102,GRSM_001.basePlot.vst,2016-10-18,vst_GRSM_2016,D07,GRSM,GRSM_001,cedce85f9ffbf789779b12db4081f508,1dab0eaaa974bca1f6fa6523b180e6fa,NEON.PLA.D07.GRSM.02439,NA,single bole tree,13.7,130,13.4,NA,NA,NA,5.3,5.2,Mostly shaded,NA,NA
69f4a067-5df8-4e12-a791-56189c9c6568,GRSM_001.basePlot.vst,2016-10-18,vst_GRSM_2016,D07,GRSM,GRSM_001,cedce85f9ffbf789779b12db4081f508,1dab0eaaa974bca1f6fa6523b180e6fa,NEON.PLA.D07.GRSM.02478,NA,sapling,NA,NA,1.1,NA,NA,NA,NA,NA,NA,NA,1.5
fe37ec82-43e2-4b63-9929-40c5d216d6c8,GRSM_017.basePlot.vst,2016-10-18,vst_GRSM_2016,D07,GRSM,GRSM_017,cedce85f9ffbf789779b12db4081f508,1dab0eaaa974bca1f6fa6523b180e6fa,NEON.PLA.D07.GRSM.02524,NA,single bole tree,28.4,130,18.4,NA,NA,NA,7.7,6.7,Partially shaded,NA,NA
15430ae5-7693-4bf2-a653-4685e9a9eec6,GRSM_017.basePlot.vst,2016-10-18,vst_GRSM_2016,D07,GRSM,GRSM_017,cedce85f9ffbf789779b12db4081f508,1dab0eaaa974bca1f6fa6523b180e6fa,NEON.PLA.D07.GRSM.02521,NA,sapling,NA,NA,1.4,NA,NA,NA,NA,NA,NA,NA,1.6
d4bfcc27-b636-4a47-bb16-991585cdb8e5,GRSM_017.basePlot.vst,2016-10-18,vst_GRSM_2016,D07,GRSM,GRSM_017,cedce85f9ffbf789779b12db4081f508,1dab0eaaa974bca1f6fa6523b180e6fa,NEON.PLA.D07.GRSM.02541,NA,single bole tree,29.3,130,14.1,NA,NA,NA,9.1,8.3,Partially shaded,NA,NA
72a60981-8fad-45fd-bad0-ec6ec45ef18a,GRSM_001.basePlot.vst,2016-10-18,vst_GRSM_2016,D07,GRSM,GRSM_001,cedce85f9ffbf789779b12db4081f508,1dab0eaaa974bca1f6fa6523b180e6fa,NEON.PLA.D07.GRSM.02444,NA,sapling,NA,NA,1.2,NA,NA,NA,NA,NA,NA,NA,1.6
23a99e43-a9c0-428f-8865-761eb87f67b7,GRSM_004.basePlot.vst,2016-10-18,vst_GRSM_2016,D07,GRSM,GRSM_004,cedce85f9ffbf789779b12db4081f508,1dab0eaaa974bca1f6fa6523b180e6fa,NEON.PLA.D07.GRSM.02350,NA,single bole tree,12.1,130,6.4,NA,NA,NA,4.5,4.2,Mostly shaded,NA,NA
937beb77-15d0-434d-8da3-346d48db930c,GRSM_004.basePlot.vst,2016-10-18,vst_GRSM_2016,D07,GRSM,GRSM_004,cedce85f9ffbf789779b12db4081f508,1dab0eaaa974bca1f6fa6523b180e6fa,NEON.PLA.D07.GRSM.02385,NA,sapling,NA,NA,1.2,NA,NA,NA,NA,NA,NA,NA,1.1
48de8963-63a0-465d-86fb-09cbbd381cdb,GRSM_004.basePlot.vst,2016-10-18,vst_GRSM_2016,D07,GRSM,GRSM_004,cedce85f9ffbf789779b12db4081f508,1dab0eaaa974bca1f6fa6523b180e6fa,NEON.PLA.D07.GRSM.02369,NA,sapling,NA,NA,1.5,NA,NA,NA,NA,NA,NA,NA,1.6
08159794-9da3-4aca-bc34-aa9f26552fc0,GRSM_004.basePlot.vst,2016-10-18,vst_GRSM_2016,D07,GRSM,GRSM_004,cedce85f9ffbf789779b12db4081f508,1dab0eaaa974bca1f6fa6523b180e6fa,NEON.PLA.D07.GRSM.02421,NA,sapling,NA,NA,1.3,NA,NA,NA,NA,NA,NA,NA,1.3
6d084a62-ad19-4651-8e1d-8bd0a2c30ca5,GRSM_004.basePlot.vst,2016-10-18,vst_GRSM_2016,D07,GRSM,GRSM_004,cedce85f9ffbf789779b12db4081f508,1dab0eaaa974bca1f6fa6523b180e6fa,NEON.PLA.D07.GRSM.02334,NA,small tree,2.6,130,2.5,NA,NA,NA,NA,NA,NA,NA,NA
c35570d1-8490-4cb4-9e0a-538f85acbba6,GRSM_004.basePlot.vst,2016-10-18,vst_GRSM_2016,D07,GRSM,GRSM_004,cedce85f9ffbf789779b12db4081f508,1dab0eaaa974bca1f6fa6523b180e6fa,NEON.PLA.D07.GRSM.02374,NA,single bole tree,10.9,130,9.7,NA,NA,NA,4.7,3.3,Partially shaded,NA,NA
789479b2-3524-4638-ad3a-28e85c79b482,GRSM_004.basePlot.vst,2016-10-18,vst_GRSM_2016,D07,GRSM,GRSM_004,cedce85f9ffbf789779b12db4081f508,1dab0eaaa974bca1f6fa6523b180e6fa,NEON.PLA.D07.GRSM.02346,NA,sapling,NA,NA,1.2,NA,NA,NA,NA,NA,NA,NA,1.1
8028faf9-e39e-4911-80b1-b4faba662b6b,GRSM_004.basePlot.vst,2016-10-18,vst_GRSM_2016,D07,GRSM,GRSM_004,cedce85f9ffbf789779b12db4081f508,1dab0eaaa974bca1f6fa6523b180e6fa,NEON.PLA.D07.GRSM.02415,NA,single bole tree,14.1,130,8.4,NA,NA,NA,5.8,5.5,Mostly shaded,NA,NA
825b6f1a-cb3c-445a-b48c-8fb58c27af2e,GRSM_004.basePlot.vst,2016-10-18,vst_GRSM_2016,D07,GRSM,GRSM_004,cedce85f9ffbf789779b12db4081f508,1dab0eaaa974bca1f6fa6523b180e6fa,NEON.PLA.D07.GRSM.02402,NA,sapling,NA,NA,1.5,NA,NA,NA,NA,NA,NA,NA,1.5
20814c2b-2764-45dc-aeb1-dd5d7845d430,GRSM_004.basePlot.vst,2016-10-18,vst_GRSM_2016,D07,GRSM,GRSM_004,cedce85f9ffbf789779b12db4081f508,1dab0eaaa974bca1f6fa6523b180e6fa,NEON.PLA.D07.GRSM.02427,NA,single bole tree,18.4,130,17.1,NA,NA,NA,2.6,2.5,Full sun,NA,NA
7bb6514d-d338-4209-b22c-b5342dfe4d01,GRSM_004.basePlot.vst,2016-10-18,vst_GRSM_2016,D07,GRSM,GRSM_004,cedce85f9ffbf789779b12db4081f508,1dab0eaaa974bca1f6fa6523b180e6fa,NEON.PLA.D07.GRSM.02356,NA,sapling,NA,NA,0.9,NA,NA,NA,NA,NA,NA,NA,1.1
fa2471a3-abe7-44a0-9744-0d455fe59d74,GRSM_004.basePlot.vst,2016-10-18,vst_GRSM_2016,D07,GRSM,GRSM_004,cedce85f9ffbf789779b12db4081f508,1dab0eaaa974bca1f6fa6523b180e6fa,NEON.PLA.D07.GRSM.02384,NA,small tree,1.6,130,2.2,NA,NA,NA,NA,NA,NA,NA,NA
cb8fdc2f-57dd-46c4-95a3-d2d7259d0860,GRSM_003.basePlot.vst,2016-10-19,vst_GRSM_2016,D07,GRSM,GRSM_003,cedce85f9ffbf789779b12db4081f508,1dab0eaaa974bca1f6fa6523b180e6fa,NEON.PLA.D07.GRSM.02625,NA,small shrub,NA,NA,1.4,NA,NA,NA,0.7,0.6,NA,cylinder,1.1
65dbcf9c-3fee-45a8-914c-9cd469e6fa9c,GRSM_003.basePlot.vst,2016-10-19,vst_GRSM_2016,D07,GRSM,GRSM_003,cedce85f9ffbf789779b12db4081f508,1dab0eaaa974bca1f6fa6523b180e6fa,NEON.PLA.D07.GRSM.02644A,NA,multi-bole tree,12.4,130,9.0,NA,NA,NA,5.6,5.0,Mostly shaded,NA,NA
9c2a7999-bf39-4cc7-8286-2f226d59fd65,GRSM_008.basePlot.vst,2016-10-19,vst_GRSM_2016,D07,GRSM,GRSM_008,cedce85f9ffbf789779b12db4081f508,1dab0eaaa974bca1f6fa6523b180e6fa,NEON.PLA.D07.GRSM.03386,NA,small tree,5.1,130,5.8,NA,NA,NA,NA,NA,NA,NA,NA
d08e469a-bc4c-4d0b-be09-2b89e19c1018,GRSM_003.basePlot.vst,2016-10-19,vst_GRSM_2016,D07,GRSM,GRSM_003,cedce85f9ffbf789779b12db4081f508,1dab0eaaa974bca1f6fa6523b180e6fa,NEON.PLA.D07.GRSM.02632,NA,small tree,1.2,130,1.7,NA,NA,NA,NA,NA,NA,NA,NA
44b7fc54-29f0-4369-818d-722764c8b5ac,GRSM_003.basePlot.vst,2016-10-19,vst_GRSM_2016,D07,GRSM,GRSM_003,cedce85f9ffbf789779b12db4081f508,1dab0eaaa974bca1f6fa6523b180e6fa,NEON.PLA.D07.GRSM.02644,NA,multi-bole tree,12.6,130,9.0,NA,NA,NA,5.6,5.0,Mostly shaded,NA,NA
eae1d55d-835d-4ce8-a550-c45df456bbf6,GRSM_008.basePlot.vst,2016-10-19,vst_GRSM_2016,D07,GRSM,GRSM_008,cedce85f9ffbf789779b12db4081f508,1dab0eaaa974bca1f6fa6523b180e6fa,NEON.PLA.D07.GRSM.03435,NA,single bole tree,12.4,130,12.6,NA,NA,NA,9.7,7.2,Mostly shaded,NA,NA
a1064b17-3c9e-4525-aa5c-ae54edd764f1,GRSM_012.basePlot.vst,2016-10-19,vst_GRSM_2016,D07,GRSM,GRSM_012,cedce85f9ffbf789779b12db4081f508,1dab0eaaa974bca1f6fa6523b180e6fa,NEON.PLA.D07.GRSM.03468,NA,sapling,NA,NA,1.9,NA,NA,NA,NA,NA,NA,NA,1.6
b1b3f857-9259-4731-ba6a-de3ed4f32438,GRSM_008.basePlot.vst,2016-10-19,vst_GRSM_2016,D07,GRSM,GRSM_008,cedce85f9ffbf789779b12db4081f508,1dab0eaaa974bca1f6fa6523b180e6fa,NEON.PLA.D07.GRSM.03427,NA,single bole tree,23.3,130,21.0,NA,NA,NA,6.0,0.3,Mostly shaded,NA,NA
c3e76a83-b865-4733-88c6-08172b97dc3b,GRSM_008.basePlot.vst,2016-10-19,vst_GRSM_2016,D07,GRSM,GRSM_008,cedce85f9ffbf789779b12db4081f508,1dab0eaaa974bca1f6fa6523b180e6fa,NEON.PLA.D07.GRSM.03388,NA,sapling,NA,NA,1.5,NA,NA,NA,NA,NA,NA,NA,2.1
3fd796ef-8fbc-4c24-8db0-fa87ecdbfc6e,GRSM_008.basePlot.vst,2016-10-19,vst_GRSM_2016,D07,GRSM,GRSM_008,cedce85f9ffbf789779b12db4081f508,1dab0eaaa974bca1f6fa6523b180e6fa,NEON.PLA.D07.GRSM.03447,NA,sapling,NA,NA,1.7,NA,NA,NA,NA,NA,NA,NA,2.5
47f98d57-de1e-445c-8ff5-caf0a06254c2,GRSM_003.basePlot.vst,2016-10-19,vst_GRSM_2016,D07,GRSM,GRSM_003,cedce85f9ffbf789779b12db4081f508,1dab0eaaa974bca1f6fa6523b180e6fa,NEON.PLA.D07.GRSM.02631A,NA,multi-bole tree,38.1,130,24.5,NA,NA,NA,21.4,17.1,Partially shaded,NA,NA
5f303b4e-8bf2-4f1a-b97a-d2b5dae302cd,GRSM_012.basePlot.vst,2016-10-19,vst_GRSM_2016,D07,GRSM,GRSM_012,cedce85f9ffbf789779b12db4081f508,1dab0eaaa974bca1f6fa6523b180e6fa,NEON.PLA.D07.GRSM.03469,NA,small tree,2.0,130,2.0,NA,NA,NA,NA,NA,NA,NA,NA
324538ea-f134-4f98-a238-27a41c512317,GRSM_008.basePlot.vst,2016-10-19,vst_GRSM_2016,D07,GRSM,GRSM_008,cedce85f9ffbf789779b12db4081f508,1dab0eaaa974bca1f6fa6523b180e6fa,NEON.PLA.D07.GRSM.03429,NA,single bole tree,20.4,130,18.6,NA,NA,NA,5.0,5.0,Mostly shaded,NA,NA
0fc479fa-193c-4967-ad56-676fa21c4047,GRSM_003.basePlot.vst,2016-10-19,vst_GRSM_2016,D07,GRSM,GRSM_003,cedce85f9ffbf789779b12db4081f508,1dab0eaaa974bca1f6fa6523b180e6fa,NEON.PLA.D07.GRSM.02635,NA,single bole tree,10.5,130,8.9,NA,NA,NA,6.3,6.3,Mostly shaded,NA,NA
44870fc0-41a4-4d60-acb4-da1f96dfd641,GRSM_019.basePlot.vst,2016-10-20,vst_GRSM_2016,D07,GRSM,GRSM_019,37f7ee64f351d188620d10ad21a84fd3,2fddaaee11e79898768a3df4726df9c2,NEON.PLA.D07.GRSM.02233,NA,single bole tree,40.2,130,23.2,NA,NA,NA,14.0,9.0,Full sun,NA,NA
6b509c31-d708-4b40-868f-97a813663669,GRSM_006.basePlot.vst,2016-10-20,vst_GRSM_2016,D07,GRSM,GRSM_006,cedce85f9ffbf789779b12db4081f508,1dab0eaaa974bca1f6fa6523b180e6fa,NEON.PLA.D07.GRSM.02256,NA,small tree,4.5,130,5.5,NA,NA,NA,NA,NA,NA,NA,13.0
2c8fd594-6298-4ae9-85e9-232fcc2c7b3d,GRSM_006.basePlot.vst,2016-10-20,vst_GRSM_2016,D07,GRSM,GRSM_006,cedce85f9ffbf789779b12db4081f508,1dab0eaaa974bca1f6fa6523b180e6fa,NEON.PLA.D07.GRSM.02284,NA,small tree,7.7,130,5.1,NA,NA,NA,NA,NA,NA,NA,NA
f872689a-f8f9-42dd-9250-e39200059f14,GRSM_013.basePlot.vst,2016-10-20,vst_GRSM_2016,D07,GRSM,GRSM_013,cedce85f9ffbf789779b12db4081f508,1dab0eaaa974bca1f6fa6523b180e6fa,NEON.PLA.D07.GRSM.02124,NA,single bole tree,11.1,130,15.8,NA,NA,NA,5.0,4.2,Mostly shaded,NA,NA
70914771-56eb-4200-8701-edc9d75c4b67,GRSM_013.basePlot.vst,2016-10-20,vst_GRSM_2016,D07,GRSM,GRSM_013,cedce85f9ffbf789779b12db4081f508,1dab0eaaa974bca1f6fa6523b180e6fa,NEON.PLA.D07.GRSM.02121,NA,single bole tree,12.5,130,10.3,NA,NA,NA,4.7,4.0,Mostly shaded,NA,NA
ad37f7e9-beed-4ece-9b75-ad6d87872855,GRSM_019.basePlot.vst,2016-10-20,vst_GRSM_2016,D07,GRSM,GRSM_019,37f7ee64f351d188620d10ad21a84fd3,2fddaaee11e79898768a3df4726df9c2,NEON.PLA.D07.GRSM.02202,NA,single bole tree,34.0,130,20.6,NA,NA,NA,9.8,8.0,Partially shaded,NA,NA
7e0b8d11-3c95-407d-914d-2245b04d9c08,GRSM_006.basePlot.vst,2016-10-20,vst_GRSM_2016,D07,GRSM,GRSM_006,cedce85f9ffbf789779b12db4081f508,1dab0eaaa974bca1f6fa6523b180e6fa,NEON.PLA.D07.GRSM.02273,NA,small shrub,NA,NA,1.6,NA,NA,NA,1.1,0.7,NA,cylinder,1.9
dce83944-aff0-44ec-9565-a70c5b28a3e2,GRSM_006.basePlot.vst,2016-10-20,vst_GRSM_2016,D07,GRSM,GRSM_006,cedce85f9ffbf789779b12db4081f508,1dab0eaaa974bca1f6fa6523b180e6fa,NEON.PLA.D07.GRSM.02322,NA,small tree,9.2,130,10.9,NA,NA,NA,NA,NA,NA,NA,1.0
980144e6-4053-4a5b-a20d-8957b89f263e,GRSM_006.basePlot.vst,2016-10-20,vst_GRSM_2016,D07,GRSM,GRSM_006,cedce85f9ffbf789779b12db4081f508,1dab0eaaa974bca1f6fa6523b180e6fa,NEON.PLA.D07.GRSM.02260,NA,single bole tree,14.2,130,12.7,NA,NA,NA,6.0,5.6,Mostly shaded,NA,NA
1389fafe-343c-4a2b-9562-e49f9c248cc9,GRSM_013.basePlot.vst,2016-10-20,vst_GRSM_2016,D07,GRSM,GRSM_013,cedce85f9ffbf789779b12db4081f508,1dab0eaaa974bca1f6fa6523b180e6fa,NEON.PLA.D07.GRSM.02134,NA,single shrub,4.5,130,5.0,NA,NA,NA,2.9,2.0,NA,half-sphere,6.6
4d3bdf87-40c1-40a1-975d-fd7211cca0ea,GRSM_006.basePlot.vst,2016-10-20,vst_GRSM_2016,D07,GRSM,GRSM_006,cedce85f9ffbf789779b12db4081f508,1dab0eaaa974bca1f6fa6523b180e6fa,NEON.PLA.D07.GRSM.02286,NA,sapling,NA,NA,1.1,NA,NA,NA,NA,NA,NA,NA,1.8
08eb28f2-0165-4d10-832c-64323e96438e,GRSM_019.basePlot.vst,2016-10-20,vst_GRSM_2016,D07,GRSM,GRSM_019,37f7ee64f351d188620d10ad21a84fd3,2fddaaee11e79898768a3df4726df9c2,NEON.PLA.D07.GRSM.02189,NA,small shrub,NA,NA,1.9,NA,NA,NA,1.3,0.9,NA,cylinder,1.2
1c6e180a-0f7f-445f-9321-d45c4e3ac368,GRSM_006.basePlot.vst,2016-10-20,vst_GRSM_2016,D07,GRSM,GRSM_006,cedce85f9ffbf789779b12db4081f508,1dab0eaaa974bca1f6fa6523b180e6fa,NEON.PLA.D07.GRSM.02262,NA,single bole tree,32.7,130,24.7,NA,NA,NA,6.9,5.2,Full sun,NA,NA
bb5b75cf-50df-461c-8193-c93b6e08d5b5,GRSM_006.basePlot.vst,2016-10-20,vst_GRSM_2016,D07,GRSM,GRSM_006,cedce85f9ffbf789779b12db4081f508,1dab0eaaa974bca1f6fa6523b180e6fa,NEON.PLA.D07.GRSM.02263,NA,small tree,2.2,130,3.9,NA,NA,NA,NA,NA,NA,NA,NA
e8471965-7b57-4390-ba36-d64430b62b19,GRSM_006.basePlot.vst,2016-10-20,vst_GRSM_2016,D07,GRSM,GRSM_006,cedce85f9ffbf789779b12db4081f508,1dab0eaaa974bca1f6fa6523b180e6fa,NEON.PLA.D07.GRSM.02325,NA,NA,NA,NA,NA,NA,NA,NA,NA,NA,NA,NA,NA
d910b746-6d47-4d66-84eb-6a89ef3e7bf5,GRSM_006.basePlot.vst,2016-10-20,vst_GRSM_2016,D07,GRSM,GRSM_006,cedce85f9ffbf789779b12db4081f508,1dab0eaaa974bca1f6fa6523b180e6fa,NEON.PLA.D07.GRSM.02326,NA,sapling,NA,NA,1.7,NA,NA,NA,NA,NA,NA,NA,1.4
86a42ea1-fd43-40c5-b75f-708401ef3104,GRSM_006.basePlot.vst,2016-10-20,vst_GRSM_2016,D07,GRSM,GRSM_006,cedce85f9ffbf789779b12db4081f508,1dab0eaaa974bca1f6fa6523b180e6fa,NEON.PLA.D07.GRSM.02317,NA,sapling,NA,NA,1.1,NA,NA,NA,NA,NA,NA,NA,1.7
4a469990-5c00-4e55-8190-8deac3ba06e2,GRSM_006.basePlot.vst,2016-10-20,vst_GRSM_2016,D07,GRSM,GRSM_006,cedce85f9ffbf789779b12db4081f508,1dab0eaaa974bca1f6fa6523b180e6fa,NEON.PLA.D07.GRSM.02247,NA,small tree,5.0,130,6.9,NA,NA,NA,NA,NA,NA,NA,NA
dbe896b8-9dd9-4915-8fc6-f64ecea0c835,GRSM_006.basePlot.vst,2016-10-20,vst_GRSM_2016,D07,GRSM,GRSM_006,cedce85f9ffbf789779b12db4081f508,1dab0eaaa974bca1f6fa6523b180e6fa,NEON.PLA.D07.GRSM.02257,NA,single bole tree,10.5,130,14.7,NA,NA,NA,6.0,3.2,Partially shaded,NA,NA
bea6c8a2-9831-4978-9707-9a78df50a703,GRSM_013.basePlot.vst,2016-10-20,vst_GRSM_2016,D07,GRSM,GRSM_013,cedce85f9ffbf789779b12db4081f508,1dab0eaaa974bca1f6fa6523b180e6fa,NEON.PLA.D07.GRSM.02140,NA,single bole tree,11.3,130,9.6,NA,NA,NA,5.4,4.0,Mostly shaded,NA,NA
8ff5fb47-6bf2-4f0f-8508-622653658dbf,GRSM_006.basePlot.vst,2016-10-20,vst_GRSM_2016,D07,GRSM,GRSM_006,cedce85f9ffbf789779b12db4081f508,1dab0eaaa974bca1f6fa6523b180e6fa,NEON.PLA.D07.GRSM.02316,NA,small tree,2.0,130,2.6,NA,NA,NA,NA,NA,NA,NA,NA
016ac51f-d70f-4273-9d22-31149c61fa75,GRSM_019.basePlot.vst,2016-10-20,vst_GRSM_2016,D07,GRSM,GRSM_019,37f7ee64f351d188620d10ad21a84fd3,2fddaaee11e79898768a3df4726df9c2,NEON.PLA.D07.GRSM.02173,NA,NA,NA,NA,NA,NA,NA,NA,NA,NA,NA,NA,NA
cdf6d492-775c-4028-97dd-46818bee2ec2,GRSM_013.basePlot.vst,2016-10-20,vst_GRSM_2016,D07,GRSM,GRSM_013,cedce85f9ffbf789779b12db4081f508,1dab0eaaa974bca1f6fa6523b180e6fa,NEON.PLA.D07.GRSM.02144,NA,single bole tree,57.7,130,23.4,NA,NA,NA,13.0,10.4,Full sun,NA,NA
10238774-1d20-4141-b8bf-463d7ea30b52,GRSM_006.basePlot.vst,2016-10-20,vst_GRSM_2016,D07,GRSM,GRSM_006,cedce85f9ffbf789779b12db4081f508,1dab0eaaa974bca1f6fa6523b180e6fa,NEON.PLA.D07.GRSM.02290,NA,single bole tree,14.9,130,13.0,NA,NA,NA,6.9,5.6,Partially shaded,NA,NA
d815cca5-d111-449b-bd37-aad7683e09ee,GRSM_006.basePlot.vst,2016-10-20,vst_GRSM_2016,D07,GRSM,GRSM_006,cedce85f9ffbf789779b12db4081f508,1dab0eaaa974bca1f6fa6523b180e6fa,NEON.PLA.D07.GRSM.02288,NA,single bole tree,23.5,130,2.6,NA,NA,NA,0.5,0.5,Full shade,NA,NA
8add1046-651c-4f08-982b-738b09d281bb,GRSM_019.basePlot.vst,2016-10-20,vst_GRSM_2016,D07,GRSM,GRSM_019,37f7ee64f351d188620d10ad21a84fd3,2fddaaee11e79898768a3df4726df9c2,NEON.PLA.D07.GRSM.02186,NA,single shrub,2.2,130,1.4,NA,NA,NA,2.8,0.7,NA,oblate half-sphere,3.0
f2438181-26ab-4c07-8e12-c197d0415a04,GRSM_013.basePlot.vst,2016-10-20,vst_GRSM_2016,D07,GRSM,GRSM_013,cedce85f9ffbf789779b12db4081f508,1dab0eaaa974bca1f6fa6523b180e6fa,NEON.PLA.D07.GRSM.02150,NA,single shrub,11.3,130,4.8,NA,NA,NA,6.0,4.7,NA,half-sphere,15.4
7f86f4ae-9fc3-43a9-985a-421d1373dc71,GRSM_006.basePlot.vst,2016-10-20,vst_GRSM_2016,D07,GRSM,GRSM_006,cedce85f9ffbf789779b12db4081f508,1dab0eaaa974bca1f6fa6523b180e6fa,NEON.PLA.D07.GRSM.02323,NA,small shrub,NA,NA,2.4,NA,NA,NA,0.9,0.3,NA,cylinder,1.3
51500d5c-6bff-4313-80d5-02205b53f9e7,GRSM_013.basePlot.vst,2016-10-20,vst_GRSM_2016,D07,GRSM,GRSM_013,cedce85f9ffbf789779b12db4081f508,1dab0eaaa974bca1f6fa6523b180e6fa,NEON.PLA.D07.GRSM.02150,NA,single shrub,7.6,135,4.8,NA,NA,NA,6.0,4.7,NA,half-sphere,11.0
16743051-5780-4910-83b2-ee69995e2b39,GRSM_006.basePlot.vst,2016-10-20,vst_GRSM_2016,D07,GRSM,GRSM_006,cedce85f9ffbf789779b12db4081f508,1dab0eaaa974bca1f6fa6523b180e6fa,NEON.PLA.D07.GRSM.02330,NA,sapling,NA,NA,1.9,NA,NA,NA,NA,NA,NA,NA,1.6
4be1fc68-9164-4e6e-9502-89a9cefa8070,GRSM_015.basePlot.vst,2016-10-24,vst_GRSM_2016,D07,GRSM,GRSM_015,37f7ee64f351d188620d10ad21a84fd3,2fddaaee11e79898768a3df4726df9c2,NEON.PLA.D07.GRSM.03042,NA,small tree,7.0,130,8.3,NA,NA,NA,NA,NA,NA,NA,NA
7db2dd07-df41-4535-9e1e-62f3ce3ffde7,GRSM_015.basePlot.vst,2016-10-24,vst_GRSM_2016,D07,GRSM,GRSM_015,37f7ee64f351d188620d10ad21a84fd3,2fddaaee11e79898768a3df4726df9c2,NEON.PLA.D07.GRSM.03068,NA,sapling,NA,NA,1.8,NA,NA,NA,NA,NA,NA,NA,1.4
bf67bdaa-9736-4281-8500-a4850a04418a,GRSM_010.basePlot.vst,2016-10-24,vst_GRSM_2016,D07,GRSM,GRSM_010,37f7ee64f351d188620d10ad21a84fd3,2fddaaee11e79898768a3df4726df9c2,NEON.PLA.D07.GRSM.02719,NA,sapling,NA,NA,1.7,NA,NA,NA,NA,NA,NA,NA,1.4
a5504ced-2db8-487e-b6f8-f9aaf642e62a,GRSM_014.basePlot.vst,2016-10-24,vst_GRSM_2016,D07,GRSM,GRSM_014,37f7ee64f351d188620d10ad21a84fd3,2fddaaee11e79898768a3df4726df9c2,NEON.PLA.D07.GRSM.03604,NA,small tree,7.0,130,4.1,NA,NA,NA,NA,NA,NA,NA,NA
8c0fee17-88cf-4fde-af60-7d75b454e5b5,GRSM_010.basePlot.vst,2016-10-24,vst_GRSM_2016,D07,GRSM,GRSM_010,37f7ee64f351d188620d10ad21a84fd3,2fddaaee11e79898768a3df4726df9c2,NEON.PLA.D07.GRSM.02718,NA,sapling,NA,NA,1.9,NA,NA,NA,NA,NA,NA,NA,1.5
e102aab8-3eaf-45f6-a567-b179eaa341a1,GRSM_015.basePlot.vst,2016-10-24,vst_GRSM_2016,D07,GRSM,GRSM_015,37f7ee64f351d188620d10ad21a84fd3,2fddaaee11e79898768a3df4726df9c2,NEON.PLA.D07.GRSM.03071,NA,single bole tree,11.5,150,9.4,NA,NA,NA,8.3,5.2,Mostly shaded,NA,NA
7476f589-52d2-4d1a-bc6a-a55e998f579f,GRSM_010.basePlot.vst,2016-10-24,vst_GRSM_2016,D07,GRSM,GRSM_010,37f7ee64f351d188620d10ad21a84fd3,2fddaaee11e79898768a3df4726df9c2,NEON.PLA.D07.GRSM.02725,NA,sapling,NA,NA,2.0,NA,NA,NA,NA,NA,NA,NA,1.8
d89fae5e-6927-4b4a-a670-5a4fd17b4ad0,GRSM_014.basePlot.vst,2016-10-24,vst_GRSM_2016,D07,GRSM,GRSM_014,37f7ee64f351d188620d10ad21a84fd3,2fddaaee11e79898768a3df4726df9c2,NEON.PLA.D07.GRSM.03589,NA,sapling,NA,NA,1.3,NA,NA,NA,NA,NA,NA,NA,1.4
a374bcae-7964-4ad2-87b5-58f9a8faf99c,GRSM_015.basePlot.vst,2016-10-24,vst_GRSM_2016,D07,GRSM,GRSM_015,37f7ee64f351d188620d10ad21a84fd3,2fddaaee11e79898768a3df4726df9c2,NEON.PLA.D07.GRSM.03011,NA,small tree,1.9,130,4.0,NA,NA,NA,NA,NA,NA,NA,NA
c20d69ac-a838-454c-acd1-fe98d9e3932e,GRSM_015.basePlot.vst,2016-10-24,vst_GRSM_2016,D07,GRSM,GRSM_015,37f7ee64f351d188620d10ad21a84fd3,2fddaaee11e79898768a3df4726df9c2,NEON.PLA.D07.GRSM.03051,NA,small tree,1.6,130,2.5,NA,NA,NA,NA,NA,NA,NA,NA
e7789b66-d735-4603-81f5-162ebc93e462,GRSM_015.basePlot.vst,2016-10-24,vst_GRSM_2016,D07,GRSM,GRSM_015,37f7ee64f351d188620d10ad21a84fd3,2fddaaee11e79898768a3df4726df9c2,NEON.PLA.D07.GRSM.03086,NA,sapling,NA,NA,1.4,NA,NA,NA,NA,NA,NA,NA,1.1
667f147f-66ed-4840-8023-3f39a787885b,GRSM_014.basePlot.vst,2016-10-24,vst_GRSM_2016,D07,GRSM,GRSM_014,37f7ee64f351d188620d10ad21a84fd3,2fddaaee11e79898768a3df4726df9c2,NEON.PLA.D07.GRSM.03549,NA,single bole tree,14.5,130,7.2,NA,NA,NA,4.9,4.9,Mostly shaded,NA,NA
46a5f5cd-80bd-41f3-945c-a66ddb5674be,GRSM_015.basePlot.vst,2016-10-24,vst_GRSM_2016,D07,GRSM,GRSM_015,37f7ee64f351d188620d10ad21a84fd3,2fddaaee11e79898768a3df4726df9c2,NEON.PLA.D07.GRSM.03070,NA,single bole tree,22.5,130,15.6,NA,NA,NA,8.0,7.7,Partially shaded,NA,NA
7830b7c5-4acb-4d4b-87df-72e1159b8b80,GRSM_015.basePlot.vst,2016-10-24,vst_GRSM_2016,D07,GRSM,GRSM_015,37f7ee64f351d188620d10ad21a84fd3,2fddaaee11e79898768a3df4726df9c2,NEON.PLA.D07.GRSM.03069,NA,single bole tree,15.0,130,5.9,NA,NA,NA,NA,0.0,Mostly shaded,NA,NA
a103892f-1f4f-4327-a1bf-ac6141027a7e,GRSM_014.basePlot.vst,2016-10-24,vst_GRSM_2016,D07,GRSM,GRSM_014,37f7ee64f351d188620d10ad21a84fd3,2fddaaee11e79898768a3df4726df9c2,NEON.PLA.D07.GRSM.03536,NA,single bole tree,42.3,130,35.8,NA,NA,NA,11.0,6.3,Full sun,NA,NA
a295e587-b9eb-4352-b908-3a42702ac467,GRSM_014.basePlot.vst,2016-10-24,vst_GRSM_2016,D07,GRSM,GRSM_014,37f7ee64f351d188620d10ad21a84fd3,2fddaaee11e79898768a3df4726df9c2,NEON.PLA.D07.GRSM.03563,NA,small tree,3.9,130,3.2,NA,NA,NA,NA,NA,NA,NA,NA
d0175963-b2cc-4d80-b2cc-0f306ed22352,GRSM_014.basePlot.vst,2016-10-24,vst_GRSM_2016,D07,GRSM,GRSM_014,37f7ee64f351d188620d10ad21a84fd3,2fddaaee11e79898768a3df4726df9c2,NEON.PLA.D07.GRSM.03537,NA,single bole tree,25.3,130,34.2,NA,NA,NA,7.0,3.2,Partially shaded,NA,NA
9a630cf9-1905-444a-af17-cf0ba46499a7,GRSM_015.basePlot.vst,2016-10-24,vst_GRSM_2016,D07,GRSM,GRSM_015,37f7ee64f351d188620d10ad21a84fd3,2fddaaee11e79898768a3df4726df9c2,NEON.PLA.D07.GRSM.03043,NA,single bole tree,23.3,130,17.1,NA,NA,NA,4.4,4.3,Partially shaded,NA,NA
4c10b414-532b-4c30-a015-dd39d177a2a3,GRSM_010.basePlot.vst,2016-10-24,vst_GRSM_2016,D07,GRSM,GRSM_010,37f7ee64f351d188620d10ad21a84fd3,2fddaaee11e79898768a3df4726df9c2,NEON.PLA.D07.GRSM.02734,NA,liana,5.8,130,NA,NA,NA,NA,NA,NA,NA,NA,NA
1396371d-0876-4d33-a9e8-60bda00d70d4,GRSM_015.basePlot.vst,2016-10-24,vst_GRSM_2016,D07,GRSM,GRSM_015,37f7ee64f351d188620d10ad21a84fd3,2fddaaee11e79898768a3df4726df9c2,NEON.PLA.D07.GRSM.03053,NA,liana,2.1,130,NA,NA,NA,NA,NA,NA,NA,NA,NA
66213442-ff07-4b10-9b22-1a1420ba96fa,GRSM_014.basePlot.vst,2016-10-24,vst_GRSM_2016,D07,GRSM,GRSM_014,37f7ee64f351d188620d10ad21a84fd3,2fddaaee11e79898768a3df4726df9c2,NEON.PLA.D07.GRSM.03589,NA,sapling,NA,NA,1.3,NA,NA,NA,NA,NA,NA,NA,2.2
9aafd8db-15c3-4379-acea-cb67aeb12cab,GRSM_015.basePlot.vst,2016-10-24,vst_GRSM_2016,D07,GRSM,GRSM_015,37f7ee64f351d188620d10ad21a84fd3,2fddaaee11e79898768a3df4726df9c2,NEON.PLA.D07.GRSM.03024,NA,single bole tree,18.4,130,13.5,NA,NA,NA,6.8,6.1,Mostly shaded,NA,NA
03eb48f2-dc5f-409e-9628-761308348447,GRSM_015.basePlot.vst,2016-10-24,vst_GRSM_2016,D07,GRSM,GRSM_015,37f7ee64f351d188620d10ad21a84fd3,2fddaaee11e79898768a3df4726df9c2,NEON.PLA.D07.GRSM.03075,NA,single bole tree,10.5,130,9.6,NA,NA,NA,6.0,4.8,Mostly shaded,NA,NA
0b452a2e-4813-41fc-8610-23d8bf79ddd1,GRSM_015.basePlot.vst,2016-10-24,vst_GRSM_2016,D07,GRSM,GRSM_015,37f7ee64f351d188620d10ad21a84fd3,2fddaaee11e79898768a3df4726df9c2,NEON.PLA.D07.GRSM.03062,NA,single bole tree,14.4,130,15.8,NA,NA,NA,6.0,5.7,Mostly shaded,NA,NA
4beab530-dd97-4b32-829a-a5110ebe26de,GRSM_015.basePlot.vst,2016-10-24,vst_GRSM_2016,D07,GRSM,GRSM_015,37f7ee64f351d188620d10ad21a84fd3,2fddaaee11e79898768a3df4726df9c2,NEON.PLA.D07.GRSM.03009A,NA,multi-bole tree,13.2,150,18.5,NA,NA,NA,5.8,5.3,Partially shaded,NA,NA
1307142a-5515-42c3-9d6a-48fc4f3392cf,GRSM_015.basePlot.vst,2016-10-24,vst_GRSM_2016,D07,GRSM,GRSM_015,37f7ee64f351d188620d10ad21a84fd3,2fddaaee11e79898768a3df4726df9c2,NEON.PLA.D07.GRSM.03022,NA,sapling,NA,NA,1.3,NA,NA,NA,NA,NA,NA,NA,1.3
35433e64-8641-49c1-b43e-27b71e3f9ad4,GRSM_005.basePlot.vst,2016-10-25,vst_GRSM_2016,D07,GRSM,GRSM_005,37f7ee64f351d188620d10ad21a84fd3,2fddaaee11e79898768a3df4726df9c2,NEON.PLA.D07.GRSM.02677,NA,single bole tree,21.0,130,15.6,NA,NA,NA,4.0,2.0,Mostly shaded,NA,NA
621bb269-78b7-49b3-8f90-1186865f4791,GRSM_011.basePlot.vst,2016-10-25,vst_GRSM_2016,D07,GRSM,GRSM_011,37f7ee64f351d188620d10ad21a84fd3,2fddaaee11e79898768a3df4726df9c2,NEON.PLA.D07.GRSM.03137,NA,sapling,NA,NA,1.6,NA,NA,NA,NA,NA,NA,NA,3.5
05dfcaa7-004f-4299-a40e-8a8b1529591d,GRSM_011.basePlot.vst,2016-10-25,vst_GRSM_2016,D07,GRSM,GRSM_011,37f7ee64f351d188620d10ad21a84fd3,2fddaaee11e79898768a3df4726df9c2,NEON.PLA.D07.GRSM.03096,NA,sapling,NA,NA,1.2,NA,NA,NA,NA,NA,NA,NA,1.5
7017e452-6209-4cc5-9133-14e8af229016,GRSM_011.basePlot.vst,2016-10-25,vst_GRSM_2016,D07,GRSM,GRSM_011,37f7ee64f351d188620d10ad21a84fd3,2fddaaee11e79898768a3df4726df9c2,NEON.PLA.D07.GRSM.03101,NA,small tree,1.0,130,2.0,NA,NA,NA,NA,NA,NA,NA,NA
554c7ab7-5492-4fa0-9ba0-aa614cc77083,GRSM_011.basePlot.vst,2016-10-25,vst_GRSM_2016,D07,GRSM,GRSM_011,37f7ee64f351d188620d10ad21a84fd3,2fddaaee11e79898768a3df4726df9c2,NEON.PLA.D07.GRSM.03133,NA,single bole tree,55.3,130,30.7,NA,NA,NA,13.5,8.6,Partially shaded,NA,NA
8d836243-d74f-4291-9ff1-328dfc931bb4,GRSM_005.basePlot.vst,2016-10-25,vst_GRSM_2016,D07,GRSM,GRSM_005,37f7ee64f351d188620d10ad21a84fd3,2fddaaee11e79898768a3df4726df9c2,NEON.PLA.D07.GRSM.02670,NA,single shrub,3.5,130,2.9,NA,NA,NA,3.4,2.5,NA,oblate half-sphere,4.3
e4c5edd6-2687-499f-816d-d54e497b57c2,GRSM_005.basePlot.vst,2016-10-25,vst_GRSM_2016,D07,GRSM,GRSM_005,37f7ee64f351d188620d10ad21a84fd3,2fddaaee11e79898768a3df4726df9c2,NEON.PLA.D07.GRSM.02710,NA,single shrub,1.8,130,3.4,NA,NA,NA,4.0,3.1,NA,oblate half-sphere,2.3
6edc03c4-9f3e-4b84-a166-e793eb015cf9,GRSM_005.basePlot.vst,2016-10-25,vst_GRSM_2016,D07,GRSM,GRSM_005,37f7ee64f351d188620d10ad21a84fd3,2fddaaee11e79898768a3df4726df9c2,NEON.PLA.D07.GRSM.02710,NA,single shrub,4.8,130,3.4,NA,NA,NA,4.0,3.1,NA,oblate half-sphere,5.6
e1464cbc-3615-4d3a-a4c9-978df3e1dd1c,GRSM_005.basePlot.vst,2016-10-25,vst_GRSM_2016,D07,GRSM,GRSM_005,37f7ee64f351d188620d10ad21a84fd3,2fddaaee11e79898768a3df4726df9c2,NEON.PLA.D07.GRSM.02710,NA,single shrub,2.1,130,3.4,NA,NA,NA,4.0,3.1,NA,oblate half-sphere,2.8
5ede2dc7-ab53-4496-b50a-965c01480a84,GRSM_011.basePlot.vst,2016-10-25,vst_GRSM_2016,D07,GRSM,GRSM_011,37f7ee64f351d188620d10ad21a84fd3,2fddaaee11e79898768a3df4726df9c2,NEON.PLA.D07.GRSM.03109,NA,single bole tree,48.8,130,31.3,NA,NA,NA,9.9,7.9,Partially shaded,NA,NA
bb478e09-41d0-4ef0-a4b1-263dc67f218a,GRSM_007.basePlot.vst,2016-10-26,vst_GRSM_2016,D07,GRSM,GRSM_007,37f7ee64f351d188620d10ad21a84fd3,2fddaaee11e79898768a3df4726df9c2,NEON.PLA.D07.GRSM.03350,NA,small tree,1.6,130,3.3,NA,NA,NA,NA,NA,NA,NA,NA
77d186e9-c5cd-483a-8ae1-1ba874f99395,GRSM_009.basePlot.vst,2016-10-26,vst_GRSM_2016,D07,GRSM,GRSM_009,37f7ee64f351d188620d10ad21a84fd3,2fddaaee11e79898768a3df4726df9c2,NEON.PLA.D07.GRSM.02580,NA,small tree,5.6,130,4.8,NA,NA,NA,NA,NA,NA,NA,NA
dc633855-55ed-433f-84a7-79a97c9db3c0,GRSM_007.basePlot.vst,2016-10-26,vst_GRSM_2016,D07,GRSM,GRSM_007,37f7ee64f351d188620d10ad21a84fd3,2fddaaee11e79898768a3df4726df9c2,NEON.PLA.D07.GRSM.03362,NA,small tree,3.3,130,4.9,NA,NA,NA,NA,NA,NA,NA,1.0
bc3772a9-5848-44ef-bf3a-70b9c037704d,GRSM_007.basePlot.vst,2016-10-26,vst_GRSM_2016,D07,GRSM,GRSM_007,37f7ee64f351d188620d10ad21a84fd3,2fddaaee11e79898768a3df4726df9c2,NEON.PLA.D07.GRSM.03362,NA,small tree,1.1,130,4.9,NA,NA,NA,NA,NA,NA,NA,NA
7d3d9cc4-2d60-4875-89e8-334dfe457b4b,GRSM_007.basePlot.vst,2016-10-26,vst_GRSM_2016,D07,GRSM,GRSM_007,37f7ee64f351d188620d10ad21a84fd3,2fddaaee11e79898768a3df4726df9c2,NEON.PLA.D07.GRSM.03371,NA,sapling,NA,NA,2.3,NA,NA,NA,NA,NA,NA,NA,1.2
328736d6-173e-47b4-80fb-0a66b9b5aa86,GRSM_007.basePlot.vst,2016-10-26,vst_GRSM_2016,D07,GRSM,GRSM_007,37f7ee64f351d188620d10ad21a84fd3,2fddaaee11e79898768a3df4726df9c2,NEON.PLA.D07.GRSM.03328,NA,single bole tree,10.0,130,6.1,NA,NA,NA,7.2,4.7,Mostly shaded,NA,NA
9b216deb-f474-44cb-aa74-1ecc2c2e8a25,GRSM_009.basePlot.vst,2016-10-26,vst_GRSM_2016,D07,GRSM,GRSM_009,37f7ee64f351d188620d10ad21a84fd3,2fddaaee11e79898768a3df4726df9c2,NEON.PLA.D07.GRSM.02585,NA,NA,NA,NA,NA,NA,NA,NA,NA,NA,NA,NA,NA
129079cc-76b6-4c3c-8972-f04345dfcf18,GRSM_009.basePlot.vst,2016-10-26,vst_GRSM_2016,D07,GRSM,GRSM_009,37f7ee64f351d188620d10ad21a84fd3,2fddaaee11e79898768a3df4726df9c2,NEON.PLA.D07.GRSM.02602,NA,sapling,NA,NA,1.2,NA,NA,NA,NA,NA,NA,NA,1.2
8735d613-9921-4129-9d8b-17ad3bc27756,GRSM_007.basePlot.vst,2016-10-26,vst_GRSM_2016,D07,GRSM,GRSM_007,37f7ee64f351d188620d10ad21a84fd3,2fddaaee11e79898768a3df4726df9c2,NEON.PLA.D07.GRSM.03334,NA,single bole tree,20.5,130,11.3,NA,NA,NA,3.0,2.0,Mostly shaded,NA,NA
880806ae-1af5-44a0-891f-40730b4089a7,GRSM_009.basePlot.vst,2016-10-26,vst_GRSM_2016,D07,GRSM,GRSM_009,37f7ee64f351d188620d10ad21a84fd3,2fddaaee11e79898768a3df4726df9c2,NEON.PLA.D07.GRSM.02577,NA,single bole tree,10.3,130,8.0,NA,NA,NA,4.0,2.0,Mostly shaded,NA,NA
b27e9cb4-de7e-492b-8479-389183298048,GRSM_009.basePlot.vst,2016-10-26,vst_GRSM_2016,D07,GRSM,GRSM_009,37f7ee64f351d188620d10ad21a84fd3,2fddaaee11e79898768a3df4726df9c2,NEON.PLA.D07.GRSM.02596,NA,single bole tree,11.9,130,6.6,NA,NA,NA,3.5,3.1,Mostly shaded,NA,NA
6a9394d7-aa8c-4041-86b9-973bb523d951,GRSM_009.basePlot.vst,2016-10-26,vst_GRSM_2016,D07,GRSM,GRSM_009,37f7ee64f351d188620d10ad21a84fd3,2fddaaee11e79898768a3df4726df9c2,NEON.PLA.D07.GRSM.02576,NA,single bole tree,32.5,130,19.9,NA,NA,NA,11.7,10.1,Mostly shaded,NA,NA
8f9cb36d-4be8-46fb-8662-ca081b2ba2ec,GRSM_009.basePlot.vst,2016-10-26,vst_GRSM_2016,D07,GRSM,GRSM_009,37f7ee64f351d188620d10ad21a84fd3,2fddaaee11e79898768a3df4726df9c2,NEON.PLA.D07.GRSM.02587,NA,small tree,1.8,130,2.5,NA,NA,NA,NA,NA,NA,NA,NA
135e498a-a8c6-4641-8b93-54036eaa52cc,GRSM_048.basePlot.vst,2016-10-26,vst_GRSM_2016,D07,GRSM,GRSM_048,37f7ee64f351d188620d10ad21a84fd3,2fddaaee11e79898768a3df4726df9c2,NEON.PLA.D07.GRSM.00160,NA,small tree,9.6,130,5.0,NA,NA,NA,NA,NA,NA,NA,NA
cc1ec853-23aa-4c5f-b153-425d99d8b0b5,GRSM_048.basePlot.vst,2016-10-26,vst_GRSM_2016,D07,GRSM,GRSM_048,37f7ee64f351d188620d10ad21a84fd3,2fddaaee11e79898768a3df4726df9c2,NEON.PLA.D07.GRSM.00183,NA,small tree,2.5,130,3.4,NA,NA,NA,NA,NA,NA,NA,NA
45fd5a87-2676-49e2-b446-25e9cbe990f8,GRSM_048.basePlot.vst,2016-10-26,vst_GRSM_2016,D07,GRSM,GRSM_048,37f7ee64f351d188620d10ad21a84fd3,2fddaaee11e79898768a3df4726df9c2,NEON.PLA.D07.GRSM.00154,NA,single bole tree,13.4,130,13.8,NA,NA,NA,NA,NA,NA,NA,NA
621b0426-1d45-438b-8ea9-83687ef527a8,GRSM_048.basePlot.vst,2016-10-26,vst_GRSM_2016,D07,GRSM,GRSM_048,37f7ee64f351d188620d10ad21a84fd3,2fddaaee11e79898768a3df4726df9c2,NEON.PLA.D07.GRSM.00120,NA,sapling,NA,NA,1.4,NA,NA,NA,NA,NA,NA,NA,1.2
66e4aaf4-f1e9-4140-91f4-85a56313b3d9,GRSM_048.basePlot.vst,2016-10-26,vst_GRSM_2016,D07,GRSM,GRSM_048,37f7ee64f351d188620d10ad21a84fd3,2fddaaee11e79898768a3df4726df9c2,NEON.PLA.D07.GRSM.00183,NA,small tree,4.4,130,3.4,NA,NA,NA,NA,NA,NA,NA,NA
29e571a0-d3dc-46c4-af95-515132c4d0f7,GRSM_048.basePlot.vst,2016-10-26,vst_GRSM_2016,D07,GRSM,GRSM_048,37f7ee64f351d188620d10ad21a84fd3,2fddaaee11e79898768a3df4726df9c2,NEON.PLA.D07.GRSM.00123,NA,sapling,NA,NA,0.8,NA,NA,NA,NA,NA,NA,NA,1.2
43817043-a968-44c8-b2a9-96aa6ea6473a,GRSM_048.basePlot.vst,2016-10-26,vst_GRSM_2016,D07,GRSM,GRSM_048,37f7ee64f351d188620d10ad21a84fd3,2fddaaee11e79898768a3df4726df9c2,NEON.PLA.D07.GRSM.00195,NA,liana,130.0,130,NA,NA,NA,NA,NA,NA,NA,NA,NA
1f794fe6-fc0e-4bbc-8e2d-3f5decc89447,GRSM_048.basePlot.vst,2016-10-26,vst_GRSM_2016,D07,GRSM,GRSM_048,37f7ee64f351d188620d10ad21a84fd3,2fddaaee11e79898768a3df4726df9c2,NEON.PLA.D07.GRSM.00145,NA,single bole tree,44.0,130,28.8,NA,NA,NA,NA,NA,NA,NA,NA
6dcf6f6a-7631-4db5-bc2f-ff9d75f56b5d,GRSM_055.basePlot.vst,2016-10-27,vst_GRSM_2016,D07,GRSM,GRSM_055,37f7ee64f351d188620d10ad21a84fd3,2fddaaee11e79898768a3df4726df9c2,NEON.PLA.D07.GRSM.01917,NA,single bole tree,82.4,130,37.4,NA,NA,NA,NA,NA,NA,NA,NA
dd56f616-49c2-483b-bbcd-66d64b9e6ed0,GRSM_049.basePlot.vst,2016-10-27,vst_GRSM_2016,D07,GRSM,GRSM_049,37f7ee64f351d188620d10ad21a84fd3,2fddaaee11e79898768a3df4726df9c2,NEON.PLA.D07.GRSM.00839,NA,small tree,2.3,130,2.3,NA,NA,NA,NA,NA,NA,NA,NA
3867319e-8bad-45d7-babc-c5669b65ce53,GRSM_049.basePlot.vst,2016-10-27,vst_GRSM_2016,D07,GRSM,GRSM_049,37f7ee64f351d188620d10ad21a84fd3,2fddaaee11e79898768a3df4726df9c2,NEON.PLA.D07.GRSM.00829,NA,small tree,1.0,130,2.9,NA,NA,NA,NA,NA,NA,NA,NA
780e651f-5ae3-4f43-b7a1-173d50548af6,GRSM_055.basePlot.vst,2016-10-27,vst_GRSM_2016,D07,GRSM,GRSM_055,37f7ee64f351d188620d10ad21a84fd3,2fddaaee11e79898768a3df4726df9c2,NEON.PLA.D07.GRSM.01926,NA,single bole tree,10.7,130,7.2,NA,NA,NA,NA,NA,NA,NA,NA
f358fa1d-1f07-41a8-9b0c-5c4cac84a6f7,GRSM_049.basePlot.vst,2016-10-27,vst_GRSM_2016,D07,GRSM,GRSM_049,37f7ee64f351d188620d10ad21a84fd3,2fddaaee11e79898768a3df4726df9c2,NEON.PLA.D07.GRSM.00803,NA,single bole tree,15.2,130,14.8,NA,NA,NA,NA,NA,NA,NA,NA
7d139b03-c9d5-4aa5-8eab-3458c11dc544,GRSM_055.basePlot.vst,2016-10-27,vst_GRSM_2016,D07,GRSM,GRSM_055,37f7ee64f351d188620d10ad21a84fd3,2fddaaee11e79898768a3df4726df9c2,NEON.PLA.D07.GRSM.01927,NA,single bole tree,23.8,130,21.0,NA,NA,NA,NA,NA,NA,NA,NA
a8fcda28-4962-4cdf-95de-9d47892136dc,GRSM_055.basePlot.vst,2016-10-27,vst_GRSM_2016,D07,GRSM,GRSM_055,37f7ee64f351d188620d10ad21a84fd3,2fddaaee11e79898768a3df4726df9c2,NEON.PLA.D07.GRSM.01925,NA,single bole tree,50.6,130,16.8,NA,NA,NA,NA,NA,NA,NA,NA
3622f83c-4a9b-4e8d-bacc-19d1e62b7897,GRSM_055.basePlot.vst,2016-10-27,vst_GRSM_2016,D07,GRSM,GRSM_055,37f7ee64f351d188620d10ad21a84fd3,2fddaaee11e79898768a3df4726df9c2,NEON.PLA.D07.GRSM.01936,NA,small tree,2.2,130,2.2,NA,NA,NA,NA,NA,NA,NA,NA
21df474a-dbab-473e-b65b-b26e7e3dbc4b,GRSM_055.basePlot.vst,2016-10-27,vst_GRSM_2016,D07,GRSM,GRSM_055,37f7ee64f351d188620d10ad21a84fd3,2fddaaee11e79898768a3df4726df9c2,NEON.PLA.D07.GRSM.01937,NA,small shrub,NA,NA,1.8,NA,NA,NA,1.4,1.1,NA,cylinder,1.1
be242c91-c885-4cde-a22d-6743575f1111,GRSM_049.basePlot.vst,2016-10-27,vst_GRSM_2016,D07,GRSM,GRSM_049,37f7ee64f351d188620d10ad21a84fd3,2fddaaee11e79898768a3df4726df9c2,NEON.PLA.D07.GRSM.00819,NA,small tree,2.5,130,5.7,NA,NA,NA,NA,NA,NA,NA,NA
97a1d4eb-903f-4e15-b469-ee3ed7a8048d,GRSM_049.basePlot.vst,2016-10-27,vst_GRSM_2016,D07,GRSM,GRSM_049,37f7ee64f351d188620d10ad21a84fd3,2fddaaee11e79898768a3df4726df9c2,NEON.PLA.D07.GRSM.00819,NA,small tree,6.6,130,5.7,NA,NA,NA,NA,NA,NA,NA,NA
53611125-ef0b-40f4-ac50-47f700ad47e0,GRSM_049.basePlot.vst,2016-10-27,vst_GRSM_2016,D07,GRSM,GRSM_049,37f7ee64f351d188620d10ad21a84fd3,2fddaaee11e79898768a3df4726df9c2,NEON.PLA.D07.GRSM.00812,NA,single bole tree,18.1,130,10.3,NA,NA,NA,NA,NA,NA,NA,NA
d53c72e6-78bd-4aaf-abf1-ac440091c714,GRSM_050.basePlot.vst,2016-10-31,vst_GRSM_2016,D07,GRSM,GRSM_050,cedce85f9ffbf789779b12db4081f508,1dab0eaaa974bca1f6fa6523b180e6fa,NEON.PLA.D07.GRSM.01938,NA,small tree,9.4,130,6.0,NA,NA,NA,NA,NA,NA,NA,NA
a2bb2673-3c33-4ff2-9cb5-6f73e9a2a5b5,GRSM_050.basePlot.vst,2016-10-31,vst_GRSM_2016,D07,GRSM,GRSM_050,cedce85f9ffbf789779b12db4081f508,1dab0eaaa974bca1f6fa6523b180e6fa,NEON.PLA.D07.GRSM.01958,NA,single bole tree,11.8,130,14.0,NA,NA,NA,NA,NA,NA,NA,NA
55db4b2b-f401-4ceb-b2c4-8d87e507d27a,GRSM_050.basePlot.vst,2016-10-31,vst_GRSM_2016,D07,GRSM,GRSM_050,cedce85f9ffbf789779b12db4081f508,1dab0eaaa974bca1f6fa6523b180e6fa,NEON.PLA.D07.GRSM.01948,NA,single bole tree,17.2,130,8.7,NA,NA,NA,NA,NA,NA,NA,NA
2795472e-da7c-4755-a97a-bd18d7fe5d73,GRSM_050.basePlot.vst,2016-10-31,vst_GRSM_2016,D07,GRSM,GRSM_050,cedce85f9ffbf789779b12db4081f508,1dab0eaaa974bca1f6fa6523b180e6fa,NEON.PLA.D07.GRSM.01976,NA,single bole tree,15.7,130,16.7,NA,NA,NA,NA,NA,NA,NA,NA
c0a58a98-e327-47e6-bfd0-eb786ed07dea,GRSM_050.basePlot.vst,2016-10-31,vst_GRSM_2016,D07,GRSM,GRSM_050,cedce85f9ffbf789779b12db4081f508,1dab0eaaa974bca1f6fa6523b180e6fa,NEON.PLA.D07.GRSM.01939,NA,single bole tree,17.5,130,15.8,NA,NA,NA,NA,NA,NA,NA,NA
7fce305f-ca74-40c7-86c2-c3d00c74f85a,GRSM_050.basePlot.vst,2016-10-31,vst_GRSM_2016,D07,GRSM,GRSM_050,cedce85f9ffbf789779b12db4081f508,1dab0eaaa974bca1f6fa6523b180e6fa,NEON.PLA.D07.GRSM.01961,NA,small tree,5.5,130,4.7,NA,NA,NA,NA,NA,NA,NA,NA
7eb0d94e-8a58-4e01-854e-12ef836d0e75,GRSM_018.basePlot.vst,2016-10-31,vst_GRSM_2016,D07,GRSM,GRSM_018,cedce85f9ffbf789779b12db4081f508,1dab0eaaa974bca1f6fa6523b180e6fa,NEON.PLA.D07.GRSM.03236,NA,small shrub,NA,NA,1.3,NA,NA,NA,1.6,1.2,NA,half-sphere,2.2
a203aae5-800c-4288-8817-d5c6258bc497,GRSM_018.basePlot.vst,2016-10-31,vst_GRSM_2016,D07,GRSM,GRSM_018,cedce85f9ffbf789779b12db4081f508,1dab0eaaa974bca1f6fa6523b180e6fa,NEON.PLA.D07.GRSM.03231,NA,small tree,3.5,130,2.8,NA,NA,NA,NA,NA,NA,NA,NA
090aea3a-d02a-4cd2-9d95-785a95bfd9ed,GRSM_050.basePlot.vst,2016-10-31,vst_GRSM_2016,D07,GRSM,GRSM_050,cedce85f9ffbf789779b12db4081f508,1dab0eaaa974bca1f6fa6523b180e6fa,NEON.PLA.D07.GRSM.01970,NA,sapling,NA,NA,0.9,NA,NA,NA,NA,NA,NA,NA,2.4
ec9ad060-094b-4302-8b0f-274e638e95cb,GRSM_050.basePlot.vst,2016-10-31,vst_GRSM_2016,D07,GRSM,GRSM_050,cedce85f9ffbf789779b12db4081f508,1dab0eaaa974bca1f6fa6523b180e6fa,NEON.PLA.D07.GRSM.01972,NA,single bole tree,19.2,130,15.2,NA,NA,NA,NA,NA,NA,NA,NA
bfee0219-e6f6-4fb1-a8f0-ddbbff3e17ea,GRSM_050.basePlot.vst,2016-10-31,vst_GRSM_2016,D07,GRSM,GRSM_050,cedce85f9ffbf789779b12db4081f508,1dab0eaaa974bca1f6fa6523b180e6fa,NEON.PLA.D07.GRSM.01977,NA,single bole tree,14.7,130,16.7,NA,NA,NA,NA,NA,NA,NA,NA
2bcff191-de84-4cf8-a5cd-0539268c6b6b,GRSM_050.basePlot.vst,2016-10-31,vst_GRSM_2016,D07,GRSM,GRSM_050,cedce85f9ffbf789779b12db4081f508,1dab0eaaa974bca1f6fa6523b180e6fa,NEON.PLA.D07.GRSM.02080,NA,small tree,5.8,130,5.9,NA,NA,NA,NA,NA,NA,NA,NA
6edd6e7e-48d6-4e62-bb26-b979e2c8108a,GRSM_050.basePlot.vst,2016-10-31,vst_GRSM_2016,D07,GRSM,GRSM_050,cedce85f9ffbf789779b12db4081f508,1dab0eaaa974bca1f6fa6523b180e6fa,NEON.PLA.D07.GRSM.02081,NA,small tree,6.9,130,8.4,NA,NA,NA,NA,NA,NA,NA,NA
57f7d1ba-f611-4587-b651-f56061b52a41,GRSM_018.basePlot.vst,2016-10-31,vst_GRSM_2016,D07,GRSM,GRSM_018,cedce85f9ffbf789779b12db4081f508,1dab0eaaa974bca1f6fa6523b180e6fa,NEON.PLA.D07.GRSM.03233,NA,single shrub,2.4,130,2.1,NA,NA,NA,1.7,0.5,NA,cylinder,3.2
57f538fd-02da-44dc-8ccb-d2d07a18b2a0,GRSM_018.basePlot.vst,2016-10-31,vst_GRSM_2016,D07,GRSM,GRSM_018,cedce85f9ffbf789779b12db4081f508,1dab0eaaa974bca1f6fa6523b180e6fa,NEON.PLA.D07.GRSM.03164,NA,single bole tree,16.6,130,13.4,NA,NA,NA,8.2,3.4,Mostly shaded,NA,NA
d45c47c3-15e6-4297-a11c-d9dd5b3788b6,GRSM_018.basePlot.vst,2016-10-31,vst_GRSM_2016,D07,GRSM,GRSM_018,cedce85f9ffbf789779b12db4081f508,1dab0eaaa974bca1f6fa6523b180e6fa,NEON.PLA.D07.GRSM.03210,NA,single shrub,1.3,130,2.0,NA,NA,NA,1.3,1.0,NA,cylinder,2.7
e101db45-809b-4eb6-bbab-e25bdaf35fb7,GRSM_018.basePlot.vst,2016-10-31,vst_GRSM_2016,D07,GRSM,GRSM_018,cedce85f9ffbf789779b12db4081f508,1dab0eaaa974bca1f6fa6523b180e6fa,NEON.PLA.D07.GRSM.03212,NA,single bole tree,62.1,130,16.6,NA,NA,NA,13.0,7.1,Partially shaded,NA,NA
6ef832e3-d8d8-4590-a75e-6ce3d5c181b5,GRSM_050.basePlot.vst,2016-10-31,vst_GRSM_2016,D07,GRSM,GRSM_050,cedce85f9ffbf789779b12db4081f508,1dab0eaaa974bca1f6fa6523b180e6fa,NEON.PLA.D07.GRSM.02106,NA,small tree,6.8,130,6.9,NA,NA,NA,NA,NA,NA,NA,NA
7d9082fe-8be9-46d5-b483-34cf986d213e,GRSM_018.basePlot.vst,2016-10-31,vst_GRSM_2016,D07,GRSM,GRSM_018,cedce85f9ffbf789779b12db4081f508,1dab0eaaa974bca1f6fa6523b180e6fa,NEON.PLA.D07.GRSM.03198,NA,single bole tree,13.3,130,12.1,NA,NA,NA,6.7,5.8,Mostly shaded,NA,NA
